genotype,sample,dpi,cytokine,avg_conc,log10_conc
KO,1,6,il9,NA,NA
KO,1,9,il9,NA,NA
WT,1,6,il9,NA,NA
WT,1,9,il9,NA,NA
WT,1,12,il9,81.885,1.913204353
WT,1,3,il9,76.355,1.882837481
KO,1,12,il9,74.64,1.872971631
KO,1,3,il9,47.365,1.675457542
WT,1,0,il9,35.105,1.545368977
KO,1,0,il9,0.3,-0.522878745
KO,1,9,blc,1022.965,3.009860775
WT,1,9,blc,894.69,2.951672583
WT,1,6,blc,762.655,2.882328122
KO,1,12,blc,482.485,2.683483816
KO,1,6,blc,289.68,2.461918512
WT,1,12,blc,163.925,2.214645192
WT,1,3,blc,19.315,1.285894712
KO,1,3,blc,13.435,1.128237671
WT,1,0,blc,10.765,1.032014034
KO,1,0,blc,4.385,0.641969598
KO,1,9,eotaxin,74.56,1.872505899
WT,1,9,eotaxin,66.89,1.825361196
WT,1,6,eotaxin,54.745,1.73834446
KO,1,12,eotaxin,44.68,1.650113164
KO,1,6,eotaxin,20.395,1.30952371
WT,1,0,eotaxin,13.95,1.144574208
KO,1,3,eotaxin,13.18,1.11991541
WT,1,3,eotaxin,10.99,1.040997692
WT,1,12,eotaxin,8.385,0.923503067
KO,1,0,eotaxin,4.785,0.679881942
WT,1,3,gmcsf,30.24,1.480581787
WT,1,6,gmcsf,14.715,1.167760266
KO,1,6,gmcsf,13.555,1.132099522
KO,1,3,gmcsf,11.8575,1.073993133
KO,1,0,gmcsf,11.3975,1.056809601
WT,1,0,gmcsf,10.2375,1.010193915
KO,1,9,gmcsf,6.455,0.809896247
KO,1,12,gmcsf,6.455,0.809896247
WT,1,9,gmcsf,6.455,0.809896247
WT,1,12,gmcsf,6.455,0.809896247
WT,1,3,ifnb,152.12,2.182186317
WT,1,6,ifnb,119.78,2.078384309
KO,1,6,ifnb,80.415,1.905337066
KO,1,3,ifnb,68.78,1.837462171
KO,1,9,ifnb,11.645,1.066139493
KO,1,0,ifnb,4.75,0.67669361
KO,1,12,ifnb,4.75,0.67669361
WT,1,0,ifnb,4.75,0.67669361
WT,1,9,ifnb,4.75,0.67669361
WT,1,12,ifnb,4.75,0.67669361
KO,1,6,ifng,781.045,2.892676057
KO,1,9,ifng,455.14,2.658145005
WT,1,9,ifng,173.015,2.238083757
WT,1,3,ifng,92.63,1.966751664
WT,1,6,ifng,65.225,1.814414088
KO,1,3,ifng,13.865,1.141919874
KO,1,12,ifng,11.03,1.042575512
WT,1,12,ifng,4.78,0.679427897
KO,1,0,ifng,0.42,-0.37675071
WT,1,0,ifng,0.42,-0.37675071
WT,1,9,il10,32.535,1.512350811
KO,1,9,il10,32.165,1.507383556
KO,1,6,il10,9.235,0.9654369
KO,1,3,il10,2.985,0.474944335
WT,1,6,il10,2.595,0.414137362
KO,1,12,il10,2.225,0.347330015
WT,1,0,il10,1.71,0.23299611
WT,1,3,il10,1.305,0.115610512
KO,1,0,il10,0.86,-0.065501549
WT,1,12,il10,0.86,-0.065501549
KO,1,12,il11,11.155,1.047469575
KO,1,0,il11,4.565,0.659440782
KO,1,3,il11,4.565,0.659440782
KO,1,6,il11,4.565,0.659440782
KO,1,9,il11,4.565,0.659440782
WT,1,0,il11,4.565,0.659440782
WT,1,3,il11,4.565,0.659440782
WT,1,6,il11,4.565,0.659440782
WT,1,9,il11,4.565,0.659440782
WT,1,12,il11,4.565,0.659440782
WT,1,6,il12p40,1004.43,3.001919676
KO,1,6,il12p40,641.455,2.807166195
WT,1,12,il12p40,462.23,2.664858129
KO,1,3,il12p40,430.215,2.633685549
WT,1,3,il12p40,349.965,2.544024613
KO,1,12,il12p40,292.315,2.465851102
WT,1,9,il12p40,144.26,2.159145928
KO,1,9,il12p40,134.36,2.128269995
KO,1,0,il12p40,81.525,1.911290807
WT,1,0,il12p40,65.64,1.817168572
KO,1,0,il12p70,2.21,0.344392274
KO,1,3,il12p70,2.21,0.344392274
KO,1,6,il12p70,2.21,0.344392274
KO,1,9,il12p70,2.21,0.344392274
KO,1,12,il12p70,2.21,0.344392274
WT,1,0,il12p70,2.21,0.344392274
WT,1,3,il12p70,2.21,0.344392274
WT,1,6,il12p70,2.21,0.344392274
WT,1,9,il12p70,2.21,0.344392274
WT,1,12,il12p70,2.21,0.344392274
WT,1,3,il13,2.245,0.351216345
KO,1,3,il13,1.6975,0.229809783
WT,1,9,il13,1.6975,0.229809783
WT,1,6,il13,1.6225,0.210184705
KO,1,0,il13,0.765,-0.116338565
KO,1,6,il13,0.765,-0.116338565
KO,1,9,il13,0.765,-0.116338565
KO,1,12,il13,0.765,-0.116338565
WT,1,0,il13,0.765,-0.116338565
WT,1,12,il13,0.765,-0.116338565
WT,1,3,il17a,3.79,0.57863921
KO,1,3,il17a,3.175,0.50174373
KO,1,6,il17a,2.12,0.326335861
WT,1,6,il17a,1.75,0.243038049
WT,1,12,il17a,1.345,0.128722284
WT,1,0,il17a,1.035,0.01494035
WT,1,9,il17a,0.91,-0.040958608
KO,1,9,il17a,0.895,-0.048176965
KO,1,12,il17a,0.87,-0.060480747
KO,1,0,il17a,0.7,-0.15490196
KO,1,3,il17f,1.7275,0.237418056
KO,1,0,il17f,0.445,-0.351639989
KO,1,6,il17f,0.445,-0.351639989
KO,1,9,il17f,0.445,-0.351639989
KO,1,12,il17f,0.445,-0.351639989
WT,1,0,il17f,0.445,-0.351639989
WT,1,3,il17f,0.445,-0.351639989
WT,1,6,il17f,0.445,-0.351639989
WT,1,9,il17f,0.445,-0.351639989
WT,1,12,il17f,0.445,-0.351639989
KO,1,3,il1a,128.825,2.110000151
WT,1,3,il1a,40.37,1.606058749
WT,1,6,il1a,32.155,1.507248514
KO,1,6,il1a,25.145,1.40045164
WT,1,9,il1a,7.885,0.896801698
KO,1,9,il1a,7.33,0.865103975
KO,1,0,il1a,2.685,0.42894429
KO,1,12,il1a,2.685,0.42894429
WT,1,0,il1a,2.685,0.42894429
WT,1,12,il1a,2.685,0.42894429
KO,1,0,il1b,9.385,0.972434277
KO,1,3,il1b,9.385,0.972434277
KO,1,6,il1b,9.385,0.972434277
KO,1,9,il1b,9.385,0.972434277
KO,1,12,il1b,9.385,0.972434277
WT,1,0,il1b,9.385,0.972434277
WT,1,3,il1b,9.385,0.972434277
WT,1,6,il1b,9.385,0.972434277
WT,1,9,il1b,9.385,0.972434277
WT,1,12,il1b,9.385,0.972434277
KO,1,6,il2,0.845,-0.073143291
KO,1,0,il2,0.31,-0.508638306
KO,1,3,il2,0.31,-0.508638306
KO,1,9,il2,0.31,-0.508638306
KO,1,12,il2,0.31,-0.508638306
WT,1,0,il2,0.31,-0.508638306
WT,1,3,il2,0.31,-0.508638306
WT,1,6,il2,0.31,-0.508638306
WT,1,9,il2,0.31,-0.508638306
WT,1,12,il2,0.31,-0.508638306
KO,1,0,il21,1.205,0.080987047
KO,1,3,il21,1.205,0.080987047
KO,1,6,il21,1.205,0.080987047
KO,1,9,il21,1.205,0.080987047
KO,1,12,il21,1.205,0.080987047
WT,1,0,il21,1.205,0.080987047
WT,1,3,il21,1.205,0.080987047
WT,1,6,il21,1.205,0.080987047
WT,1,9,il21,1.205,0.080987047
WT,1,12,il21,1.205,0.080987047
KO,1,3,il22,5.645,0.751663946
WT,1,3,il22,4.725,0.674401813
WT,1,6,il22,4.01,0.603144373
KO,1,6,il22,2.71,0.432969291
WT,1,9,il22,2.12,0.326335861
WT,1,12,il22,1.7,0.230448921
WT,1,0,il22,1.68,0.225309282
KO,1,9,il22,1.675,0.224014811
KO,1,12,il22,1.2,0.079181246
KO,1,0,il22,0.875,-0.057991947
WT,1,12,il23,7.265,0.861235619
KO,1,0,il23,5.175,0.713910354
KO,1,3,il23,4.195,0.622731965
WT,1,3,il23,2.77,0.442479769
WT,1,0,il23,2.45,0.389166084
KO,1,6,il23,1.59,0.201397124
KO,1,9,il23,1.59,0.201397124
KO,1,12,il23,1.59,0.201397124
WT,1,6,il23,1.59,0.201397124
WT,1,9,il23,1.59,0.201397124
WT,1,12,il27,9.445,0.975201962
KO,1,0,il27,5.29,0.723455672
KO,1,3,il27,5.29,0.723455672
KO,1,6,il27,5.29,0.723455672
KO,1,9,il27,5.29,0.723455672
KO,1,12,il27,5.29,0.723455672
WT,1,0,il27,5.29,0.723455672
WT,1,3,il27,5.29,0.723455672
WT,1,6,il27,5.29,0.723455672
WT,1,9,il27,5.29,0.723455672
KO,1,0,il3,1.485,0.171726454
KO,1,3,il3,1.485,0.171726454
KO,1,6,il3,1.485,0.171726454
KO,1,9,il3,1.485,0.171726454
KO,1,12,il3,1.485,0.171726454
WT,1,0,il3,1.485,0.171726454
WT,1,3,il3,1.485,0.171726454
WT,1,6,il3,1.485,0.171726454
WT,1,9,il3,1.485,0.171726454
WT,1,12,il3,1.485,0.171726454
WT,1,0,il33,20.29,1.307282047
KO,1,6,il33,7.59,0.880241776
KO,1,3,il33,6.24,0.79518459
KO,1,0,il33,1.695,0.229169703
KO,1,9,il33,1.695,0.229169703
KO,1,12,il33,1.695,0.229169703
WT,1,3,il33,1.695,0.229169703
WT,1,6,il33,1.695,0.229169703
WT,1,9,il33,1.695,0.229169703
WT,1,12,il33,1.695,0.229169703
KO,1,6,il4,1.68,0.225309282
WT,1,6,il4,1.18,0.071882007
KO,1,3,il4,0.98,-0.008773924
WT,1,0,il4,0.765,-0.116338565
WT,1,9,il4,0.58,-0.236572006
KO,1,0,il4,0.34,-0.468521083
KO,1,9,il4,0.34,-0.468521083
KO,1,12,il4,0.34,-0.468521083
WT,1,3,il4,0.34,-0.468521083
WT,1,12,il4,0.34,-0.468521083
KO,1,6,il5,13.85,1.141449773
WT,1,6,il5,12.525,1.097777735
KO,1,3,il5,6.63,0.821513528
WT,1,3,il5,3.51,0.545307116
KO,1,12,il5,2.68,0.428134794
WT,1,9,il5,1.625,0.210853365
KO,1,0,il5,0.97,-0.013228266
KO,1,9,il5,0.97,-0.013228266
WT,1,0,il5,0.97,-0.013228266
WT,1,12,il5,0.97,-0.013228266
WT,1,3,il6,572.17,2.757525083
KO,1,3,il6,509.85,2.707442424
WT,1,6,il6,471.725,2.673688893
KO,1,6,il6,404.32,2.606725225
KO,1,12,il6,90.725,1.957726977
KO,1,9,il6,71.2,1.852479994
WT,1,9,il6,32.485,1.511682871
WT,1,12,il6,19.9,1.298853076
KO,1,0,il6,0.755,-0.122053048
WT,1,0,il6,0.755,-0.122053048
WT,1,3,il7,4.815,0.682596291
KO,1,0,il7,3.495,0.54344718
WT,1,0,il7,2.1575,0.333950804
KO,1,3,il7,1.205,0.080987047
KO,1,6,il7,1.205,0.080987047
KO,1,9,il7,1.205,0.080987047
KO,1,12,il7,1.205,0.080987047
WT,1,6,il7,1.205,0.080987047
WT,1,9,il7,1.205,0.080987047
WT,1,12,il7,1.205,0.080987047
KO,1,6,ip10,261.56,2.417571329
WT,1,6,ip10,218.655,2.339759413
KO,1,9,ip10,193.995,2.287790537
WT,1,9,ip10,190.81,2.280601132
WT,1,3,ip10,186.605,2.270923276
KO,1,3,ip10,158.16,2.199096656
KO,1,12,ip10,86.355,1.936287489
WT,1,12,ip10,7.82,0.893206753
KO,1,0,ip10,1.14,0.056904851
WT,1,0,ip10,1.14,0.056904851
WT,1,3,kc,83.19,1.920071124
KO,1,3,kc,57.305,1.758192517
WT,1,6,kc,46.36,1.666143427
KO,1,6,kc,39.115,1.592343335
KO,1,12,kc,18.62,1.269979677
WT,1,12,kc,13.275,1.12303453
KO,1,9,kc,7.16,0.854913022
WT,1,9,kc,5.635,0.75089392
WT,1,0,kc,3.545,0.54961624
KO,1,0,kc,2.32,0.365487985
KO,1,9,lix,223.79,2.349840676
WT,1,9,lix,214.175,2.330768776
WT,1,6,lix,205.425,2.312653296
KO,1,12,lix,140.355,2.147227889
KO,1,6,lix,88.36,1.946255707
WT,1,12,lix,64.865,1.812010422
WT,1,0,lix,63.625,1.803627795
KO,1,3,lix,37.34,1.572174314
KO,1,0,lix,25.075,1.399240942
WT,1,3,lix,23.59,1.372727941
WT,1,6,mcp1,234.805,2.370707341
KO,1,9,mcp1,233.185,2.36770061
KO,1,12,mcp1,158.43,2.199837422
WT,1,9,mcp1,155.265,2.191073568
KO,1,6,mcp1,130.18,2.114544267
WT,1,3,mcp1,62.36,1.794906107
KO,1,3,mcp1,53.52,1.728516105
WT,1,12,mcp1,42.335,1.626699564
WT,1,0,mcp1,5.11,0.7084209
KO,1,0,mcp1,3.2,0.505149978
KO,1,3,mdc,41.075,1.613577572
WT,1,6,mdc,32.915,1.517393859
WT,1,3,mdc,26.55,1.424064525
KO,1,12,mdc,25.845,1.412376537
WT,1,12,mdc,17.13,1.233757363
WT,1,0,mdc,15.39,1.18723862
KO,1,6,mdc,10.99,1.040997692
KO,1,0,mdc,9.455,0.975661533
KO,1,9,mdc,7.97,0.901458321
WT,1,9,mdc,7.425,0.870696458
KO,1,9,mig,114.085,2.057228547
WT,1,9,mig,103.2,2.013679697
KO,1,3,mig,59.77,1.776483256
KO,1,12,mig,51.77,1.714078165
WT,1,3,mig,46.25,1.665111737
KO,1,6,mig,40.155,1.60373963
WT,1,6,mig,39.49,1.596487134
WT,1,12,mig,8.725,0.940765436
WT,1,0,mig,2.3725,0.375206221
KO,1,0,mig,1.8125,0.258278015
KO,1,3,mip1a,33.005,1.518579737
WT,1,6,mip1a,22.235,1.347037134
KO,1,9,mip1a,18.905,1.276576682
KO,1,6,mip1a,16.38,1.214313897
WT,1,9,mip1a,14.795,1.170114969
WT,1,3,mip1a,10.065,1.002813779
KO,1,12,mip1a,7.685,0.885643872
WT,1,12,mip1a,3,0.477121255
KO,1,0,mip1a,1.055,0.02325246
WT,1,0,mip1a,1.055,0.02325246
WT,1,6,mip1b,171.76,2.234922031
KO,1,9,mip1b,165.94,2.219951086
WT,1,9,mip1b,161.255,2.20751319
KO,1,6,mip1b,99.57,1.998128507
KO,1,12,mip1b,91.43,1.96108872
KO,1,3,mip1b,83.12,1.919705535
WT,1,3,mip1b,43.255,1.636036316
WT,1,12,mip1b,34.735,1.540767303
WT,1,0,mip1b,7.705,0.886772643
KO,1,0,mip1b,3.1975,0.504810553
WT,1,6,mip3a,107.34,2.030761591
KO,1,6,mip3a,62.25,1.794139356
KO,1,12,mip3a,48.06,1.681783766
WT,1,3,mip3a,44.255,1.645962345
WT,1,12,mip3a,39.055,1.591676642
KO,1,3,mip3a,34.19,1.533899101
KO,1,9,mip3a,27.12,1.433289685
WT,1,9,mip3a,22.645,1.354972325
WT,1,0,mip3a,7.425,0.870696458
KO,1,0,mip3a,4.315,0.6349808
KO,1,3,rantes,68.37,1.83486558
KO,1,6,rantes,66.515,1.822919595
WT,1,6,rantes,55.555,1.744723152
WT,1,3,rantes,42.465,1.628031128
KO,1,9,rantes,36,1.556302501
KO,1,12,rantes,26.25,1.419129308
WT,1,9,rantes,22.34,1.349083169
WT,1,12,rantes,20,1.301029996
WT,1,0,rantes,8.1,0.908485019
KO,1,0,rantes,2.5075,0.399240942
KO,1,12,tarc,37.975,1.579497783
WT,1,6,tarc,35.365,1.548573662
KO,1,3,tarc,24.69,1.39252109
WT,1,0,tarc,22.33,1.348888723
WT,1,12,tarc,20.04,1.301897717
WT,1,3,tarc,16.645,1.221283799
KO,1,6,tarc,14.32,1.155943018
KO,1,9,tarc,11.21,1.049605613
WT,1,9,tarc,11.035,1.042772337
KO,1,0,tarc,8.02,0.904174368
WT,1,6,tnfa,37.7,1.57634135
KO,1,9,tnfa,26.41,1.421768401
KO,1,6,tnfa,25.655,1.409172019
KO,1,3,tnfa,25.2,1.401400541
WT,1,3,tnfa,20.985,1.321908974
WT,1,9,tnfa,18.58,1.26904571
KO,1,12,tnfa,7.835,0.894039001
WT,1,12,tnfa,7.005,0.84540814
WT,1,0,tnfa,1.215,0.084576278
KO,1,0,tnfa,0.77,-0.113509275
KO,1,0,tslp,7.55,0.877946952
KO,1,3,tslp,7.55,0.877946952
KO,1,6,tslp,7.55,0.877946952
KO,1,9,tslp,7.55,0.877946952
KO,1,12,tslp,7.55,0.877946952
WT,1,0,tslp,7.55,0.877946952
WT,1,3,tslp,7.55,0.877946952
WT,1,6,tslp,7.55,0.877946952
WT,1,9,tslp,7.55,0.877946952
WT,1,12,tslp,7.55,0.877946952
KO,2,6,il9,NA,NA
KO,2,9,il9,NA,NA
WT,2,0,il9,NA,NA
WT,2,3,il9,NA,NA
WT,2,6,il9,NA,NA
WT,2,12,il9,154.9,2.190051418
WT,2,9,il9,70.215,1.8464299
KO,2,3,il9,59.14,1.77188132
KO,2,0,il9,36.06,1.557025722
WT,2,9,blc,1657.11,3.219351338
KO,2,9,blc,1269.035,3.1034736
WT,2,6,blc,406.165,2.608702497
KO,2,6,blc,171.685,2.234732353
WT,2,3,blc,73.855,1.868379902
WT,2,12,blc,17.545,1.244153373
WT,2,0,blc,8.115,0.909288524
KO,2,3,blc,5.985,0.777064155
KO,2,0,blc,3.675,0.565257343
WT,2,9,eotaxin,82.545,1.916690772
KO,2,9,eotaxin,62.92,1.798788714
WT,2,6,eotaxin,43.02,1.633670406
KO,2,6,eotaxin,23.435,1.369864958
WT,2,3,eotaxin,17.9,1.252853031
KO,2,3,eotaxin,9.4,0.973127854
WT,2,0,eotaxin,6.725,0.827692289
WT,2,12,eotaxin,4.055,0.607990859
KO,2,0,eotaxin,3.01,0.478566496
WT,2,3,gmcsf,33.455,1.524461034
WT,2,6,gmcsf,17.48,1.242541428
KO,2,0,gmcsf,10.4675,1.01984297
KO,2,6,gmcsf,10.2375,1.010193915
KO,2,3,gmcsf,6.455,0.809896247
KO,2,9,gmcsf,6.455,0.809896247
WT,2,0,gmcsf,6.455,0.809896247
WT,2,9,gmcsf,6.455,0.809896247
WT,2,12,gmcsf,6.455,0.809896247
WT,2,3,ifnb,150.915,2.178732408
WT,2,6,ifnb,56.01,1.748265573
KO,2,6,ifnb,43.82,1.641672373
KO,2,3,ifnb,12.495,1.09673626
KO,2,0,ifnb,4.75,0.67669361
KO,2,9,ifnb,4.75,0.67669361
WT,2,0,ifnb,4.75,0.67669361
WT,2,9,ifnb,4.75,0.67669361
WT,2,12,ifnb,4.75,0.67669361
KO,2,6,ifng,1695.17,3.229213258
KO,2,9,ifng,200.545,2.302211839
WT,2,6,ifng,140.235,2.146856419
WT,2,3,ifng,68.545,1.835975781
WT,2,9,ifng,32.065,1.506031244
KO,2,3,ifng,22.61,1.354300562
WT,2,12,ifng,0.67,-0.173925197
KO,2,0,ifng,0.42,-0.37675071
WT,2,0,ifng,0.42,-0.37675071
WT,2,9,il10,37.285,1.571534147
KO,2,6,il10,36.625,1.563777633
KO,2,9,il10,19.485,1.28970041
KO,2,3,il10,3.355,0.525692525
WT,2,3,il10,2.75,0.439332694
WT,2,6,il10,1.57,0.195899652
KO,2,0,il10,0.86,-0.065501549
WT,2,0,il10,0.86,-0.065501549
WT,2,12,il10,0.86,-0.065501549
KO,2,6,il11,6.8825,0.83774622
WT,2,3,il11,6.8825,0.83774622
KO,2,0,il11,4.565,0.659440782
KO,2,3,il11,4.565,0.659440782
KO,2,9,il11,4.565,0.659440782
WT,2,0,il11,4.565,0.659440782
WT,2,6,il11,4.565,0.659440782
WT,2,9,il11,4.565,0.659440782
WT,2,12,il11,4.565,0.659440782
WT,2,6,il12p40,618.265,2.791174662
WT,2,12,il12p40,547.79,2.7386141
KO,2,6,il12p40,529.805,2.724116053
WT,2,3,il12p40,460.985,2.663686794
KO,2,9,il12p40,174.12,2.240848658
KO,2,3,il12p40,136.03,2.133634698
WT,2,9,il12p40,126.17,2.100956103
KO,2,0,il12p40,49.81,1.697316542
WT,2,0,il12p40,42.32,1.626545659
KO,2,0,il12p70,2.21,0.344392274
KO,2,3,il12p70,2.21,0.344392274
KO,2,6,il12p70,2.21,0.344392274
KO,2,9,il12p70,2.21,0.344392274
WT,2,0,il12p70,2.21,0.344392274
WT,2,3,il12p70,2.21,0.344392274
WT,2,6,il12p70,2.21,0.344392274
WT,2,9,il12p70,2.21,0.344392274
WT,2,12,il12p70,2.21,0.344392274
WT,2,9,il13,2.7975,0.446770095
KO,2,3,il13,1.98,0.29666519
KO,2,6,il13,1.865,0.270678836
WT,2,3,il13,1.6575,0.219453537
WT,2,6,il13,1.5075,0.178257321
KO,2,9,il13,1.4325,0.156094631
KO,2,0,il13,0.765,-0.116338565
WT,2,0,il13,0.765,-0.116338565
WT,2,12,il13,0.765,-0.116338565
WT,2,6,il17a,4.135,0.616475514
KO,2,6,il17a,3.77,0.57634135
WT,2,3,il17a,3.26,0.5132176
WT,2,9,il17a,1.865,0.270678836
KO,2,3,il17a,1.61,0.206825876
KO,2,9,il17a,1.58,0.198657087
KO,2,0,il17a,1.12,0.049218023
WT,2,12,il17a,1.045,0.01911629
WT,2,0,il17a,0.85,-0.070581074
WT,2,9,il17f,1.7075,0.232360712
KO,2,3,il17f,1.27,0.103803721
WT,2,3,il17f,1.2275,0.089021501
KO,2,6,il17f,0.8475,-0.071860293
KO,2,0,il17f,0.445,-0.351639989
KO,2,9,il17f,0.445,-0.351639989
WT,2,0,il17f,0.445,-0.351639989
WT,2,6,il17f,0.445,-0.351639989
WT,2,12,il17f,0.445,-0.351639989
WT,2,3,il1a,40.73,1.60991441
WT,2,6,il1a,16.265,1.211254068
KO,2,3,il1a,14.765,1.169233451
WT,2,0,il1a,9.34,0.970346876
KO,2,6,il1a,8.755,0.94225615
WT,2,9,il1a,7.6,0.880813592
KO,2,0,il1a,2.685,0.42894429
KO,2,9,il1a,2.685,0.42894429
WT,2,12,il1a,2.685,0.42894429
KO,2,0,il1b,9.385,0.972434277
KO,2,3,il1b,9.385,0.972434277
KO,2,6,il1b,9.385,0.972434277
KO,2,9,il1b,9.385,0.972434277
WT,2,0,il1b,9.385,0.972434277
WT,2,3,il1b,9.385,0.972434277
WT,2,6,il1b,9.385,0.972434277
WT,2,9,il1b,9.385,0.972434277
WT,2,12,il1b,9.385,0.972434277
KO,2,6,il2,0.935,-0.029188389
WT,2,6,il2,0.555,-0.255707017
WT,2,9,il2,0.49,-0.30980392
KO,2,0,il2,0.31,-0.508638306
KO,2,3,il2,0.31,-0.508638306
KO,2,9,il2,0.31,-0.508638306
WT,2,0,il2,0.31,-0.508638306
WT,2,3,il2,0.31,-0.508638306
WT,2,12,il2,0.31,-0.508638306
WT,2,9,il21,2.7575,0.440515521
KO,2,0,il21,1.205,0.080987047
KO,2,3,il21,1.205,0.080987047
KO,2,6,il21,1.205,0.080987047
KO,2,9,il21,1.205,0.080987047
WT,2,0,il21,1.205,0.080987047
WT,2,3,il21,1.205,0.080987047
WT,2,6,il21,1.205,0.080987047
WT,2,12,il21,1.205,0.080987047
KO,2,6,il22,7.53,0.876794976
KO,2,3,il22,6.215,0.793441133
WT,2,3,il22,5.675,0.753965866
WT,2,9,il22,5.26,0.720985744
WT,2,6,il22,2.975,0.47348697
KO,2,0,il22,2.525,0.402261382
WT,2,12,il22,1.875,0.273001272
WT,2,0,il22,1.725,0.236789099
KO,2,9,il22,1.095,0.039414119
WT,2,0,il23,44.9,1.652246341
WT,2,12,il23,11.465,1.059374059
KO,2,6,il23,6.58,0.818225894
KO,2,3,il23,5.325,0.726319612
WT,2,3,il23,5.315,0.725503269
KO,2,0,il23,2.935,0.467608106
KO,2,9,il23,1.59,0.201397124
WT,2,6,il23,1.59,0.201397124
WT,2,9,il23,1.59,0.201397124
KO,2,9,il27,44.91,1.652343055
KO,2,6,il27,15.25,1.183269844
WT,2,12,il27,9.04,0.95616843
WT,2,0,il27,8.24,0.915927212
KO,2,0,il27,5.29,0.723455672
KO,2,3,il27,5.29,0.723455672
WT,2,3,il27,5.29,0.723455672
WT,2,6,il27,5.29,0.723455672
WT,2,9,il27,5.29,0.723455672
KO,2,0,il3,1.485,0.171726454
KO,2,3,il3,1.485,0.171726454
KO,2,6,il3,1.485,0.171726454
KO,2,9,il3,1.485,0.171726454
WT,2,0,il3,1.485,0.171726454
WT,2,3,il3,1.485,0.171726454
WT,2,6,il3,1.485,0.171726454
WT,2,9,il3,1.485,0.171726454
WT,2,12,il3,1.485,0.171726454
KO,2,6,il33,8.115,0.909288524
WT,2,3,il33,4.655,0.667919685
WT,2,0,il33,2.9725,0.473121863
KO,2,0,il33,1.695,0.229169703
KO,2,3,il33,1.695,0.229169703
KO,2,9,il33,1.695,0.229169703
WT,2,6,il33,1.695,0.229169703
WT,2,9,il33,1.695,0.229169703
WT,2,12,il33,1.695,0.229169703
KO,2,3,il4,3.365,0.526985069
KO,2,6,il4,2.27,0.356025857
WT,2,6,il4,1.735,0.239299479
WT,2,9,il4,1.275,0.105510185
WT,2,12,il4,0.895,-0.048176965
WT,2,3,il4,0.615,-0.211124884
KO,2,9,il4,0.6,-0.22184875
KO,2,0,il4,0.34,-0.468521083
WT,2,0,il4,0.34,-0.468521083
KO,2,6,il5,29.415,1.468568853
WT,2,6,il5,18.455,1.26611405
KO,2,9,il5,5.64,0.751279104
KO,2,3,il5,3.76,0.575187845
WT,2,3,il5,3.04,0.482873584
WT,2,9,il5,1.505,0.1775365
KO,2,0,il5,0.97,-0.013228266
WT,2,0,il5,0.97,-0.013228266
WT,2,12,il5,0.97,-0.013228266
WT,2,6,il6,580.73,2.763974262
WT,2,3,il6,437.97,2.641444363
KO,2,6,il6,361.76,2.558420545
KO,2,3,il6,132.835,2.12331252
KO,2,9,il6,51.755,1.713952313
WT,2,9,il6,42.52,1.628593256
KO,2,0,il6,0.755,-0.122053048
WT,2,0,il6,0.755,-0.122053048
WT,2,12,il6,0.755,-0.122053048
WT,2,3,il7,10.67,1.028164419
KO,2,0,il7,1.205,0.080987047
KO,2,3,il7,1.205,0.080987047
KO,2,6,il7,1.205,0.080987047
KO,2,9,il7,1.205,0.080987047
WT,2,0,il7,1.205,0.080987047
WT,2,6,il7,1.205,0.080987047
WT,2,9,il7,1.205,0.080987047
WT,2,12,il7,1.205,0.080987047
WT,2,9,ip10,205.02,2.311796229
WT,2,3,ip10,200.8,2.302763708
KO,2,6,ip10,189.215,2.276955562
WT,2,6,ip10,169.725,2.229745817
KO,2,9,ip10,106.775,2.02846958
KO,2,3,ip10,39.83,1.600210306
KO,2,0,ip10,1.14,0.056904851
WT,2,0,ip10,1.14,0.056904851
WT,2,12,ip10,1.14,0.056904851
WT,2,3,kc,61.055,1.785721236
WT,2,6,kc,49.36,1.693375151
KO,2,6,kc,10.74,1.031004281
KO,2,3,kc,10.415,1.017659274
WT,2,9,kc,6.38,0.804820679
KO,2,9,kc,5.835,0.76604086
WT,2,12,kc,3.85,0.58546073
WT,2,0,kc,2.76,0.440909082
KO,2,0,kc,2.39,0.378397901
WT,2,9,lix,277.565,2.443364702
KO,2,9,lix,234.115,2.36942924
WT,2,6,lix,145.985,2.164308234
WT,2,12,lix,70.48,1.848065895
KO,2,6,lix,57.105,1.756674136
WT,2,3,lix,36.215,1.55888849
KO,2,0,lix,25.93,1.413802517
KO,2,3,lix,18.11,1.25791845
WT,2,0,lix,12.4325,1.094558468
WT,2,9,mcp1,170.415,2.231507819
KO,2,9,mcp1,167.205,2.22324926
WT,2,6,mcp1,145.375,2.162489728
WT,2,3,mcp1,58.205,1.764960294
KO,2,6,mcp1,44.08,1.644241586
KO,2,3,mcp1,9.915,0.996292719
WT,2,12,mcp1,5.755,0.760045328
WT,2,0,mcp1,4.3,0.633468456
KO,2,0,mcp1,3.28,0.515873844
WT,2,6,mdc,28.58,1.456062224
WT,2,3,mdc,25.655,1.409172019
KO,2,3,mdc,21.63,1.335056519
WT,2,12,mdc,14.945,1.174495919
KO,2,9,mdc,14.345,1.156700553
KO,2,6,mdc,11.65,1.066325925
WT,2,9,mdc,10.625,1.026328939
WT,2,0,mdc,9.475,0.976579219
KO,2,0,mdc,6.03,0.780317312
WT,2,9,mig,101.41,2.006080783
KO,2,9,mig,79.905,1.902573956
KO,2,6,mig,34.52,1.538070787
WT,2,6,mig,33.3,1.522444234
WT,2,3,mig,32.18,1.50758604
KO,2,3,mig,11.44,1.058426024
WT,2,12,mig,5.255,0.72057272
KO,2,0,mig,1.4825,0.170994702
WT,2,0,mig,0.965,-0.015472687
WT,2,9,mip1a,21.32,1.3287872
WT,2,6,mip1a,19.405,1.287913647
KO,2,9,mip1a,18.88,1.27600199
WT,2,3,mip1a,10.865,1.036029731
KO,2,6,mip1a,8.845,0.946697837
KO,2,3,mip1a,4.8,0.681241237
KO,2,0,mip1a,1.055,0.02325246
WT,2,0,mip1a,1.055,0.02325246
WT,2,12,mip1a,1.055,0.02325246
WT,2,9,mip1b,200.28,2.301637583
KO,2,9,mip1b,175.895,2.245253494
WT,2,6,mip1b,130.365,2.115161009
KO,2,6,mip1b,63.28,1.80126647
WT,2,3,mip1b,53.6,1.72916479
KO,2,3,mip1b,23.32,1.367728546
WT,2,12,mip1b,10.185,1.007961033
KO,2,0,mip1b,2.4275,0.385159239
WT,2,0,mip1b,2.4275,0.385159239
WT,2,6,mip3a,76.2,1.881954971
WT,2,3,mip3a,50.495,1.703248377
WT,2,9,mip3a,27.34,1.43679851
KO,2,9,mip3a,24.795,1.394364113
KO,2,6,mip3a,19.285,1.285219643
WT,2,12,mip3a,15.495,1.190191581
KO,2,3,mip3a,7.095,0.8509524
WT,2,0,mip3a,3.715,0.569958818
KO,2,0,mip3a,2.81,0.44870632
WT,2,6,rantes,40.67,1.609274172
WT,2,3,rantes,39.62,1.597914471
KO,2,9,rantes,36.14,1.557988148
KO,2,6,rantes,33.005,1.518579737
WT,2,9,rantes,25.78,1.411282913
KO,2,3,rantes,8.755,0.94225615
WT,2,12,rantes,6.39,0.805500858
KO,2,0,rantes,4.285,0.631950826
WT,2,0,rantes,3.175,0.50174373
WT,2,6,tarc,31.815,1.502631928
KO,2,3,tarc,22.49,1.351989455
WT,2,9,tarc,17.825,1.251029539
WT,2,3,tarc,16.56,1.219060332
KO,2,9,tarc,16.215,1.209916953
WT,2,12,tarc,14.75,1.16879202
WT,2,0,tarc,10.495,1.020982443
KO,2,6,tarc,8.76,0.942504106
KO,2,0,tarc,5.145,0.711385379
WT,2,6,tnfa,26.325,1.42036838
WT,2,9,tnfa,24.365,1.386766416
KO,2,9,tnfa,21.03,1.322839273
WT,2,3,tnfa,20.765,1.317331935
KO,2,6,tnfa,18.365,1.263990933
KO,2,3,tnfa,4.915,0.691523522
WT,2,12,tnfa,1.775,0.249198357
KO,2,0,tnfa,0.77,-0.113509275
WT,2,0,tnfa,0.77,-0.113509275
KO,2,0,tslp,7.55,0.877946952
KO,2,3,tslp,7.55,0.877946952
KO,2,6,tslp,7.55,0.877946952
KO,2,9,tslp,7.55,0.877946952
WT,2,0,tslp,7.55,0.877946952
WT,2,3,tslp,7.55,0.877946952
WT,2,6,tslp,7.55,0.877946952
WT,2,9,tslp,7.55,0.877946952
WT,2,12,tslp,7.55,0.877946952
KO,3,3,il9,NA,NA
KO,3,6,il9,NA,NA
KO,3,9,il9,NA,NA
WT,3,3,il9,NA,NA
WT,3,6,il9,NA,NA
WT,3,12,il9,NA,NA
WT,3,9,il9,167.1,2.22297645
KO,3,12,il9,14.285,1.154880245
WT,3,6,blc,2236.78,3.349623271
WT,3,9,blc,1233.85,3.091262365
KO,3,6,blc,987.45,2.994515114
KO,3,9,blc,605.42,2.782056764
KO,3,12,blc,478.725,2.680086108
WT,3,12,blc,202.41,2.306231965
KO,3,3,blc,24.235,1.384443024
WT,3,3,blc,23.295,1.367262715
WT,3,9,eotaxin,70.615,1.848896963
WT,3,6,eotaxin,69.66,1.84298347
KO,3,6,eotaxin,59.94,1.777716739
KO,3,9,eotaxin,46.575,1.668152864
KO,3,12,eotaxin,31.575,1.499343359
WT,3,3,eotaxin,19.525,1.290591043
KO,3,3,eotaxin,19.145,1.282055371
WT,3,12,eotaxin,14.72,1.16790781
WT,3,3,gmcsf,36.85,1.566437492
KO,3,6,gmcsf,28.715,1.458108821
KO,3,3,gmcsf,25.39,1.404662701
WT,3,6,gmcsf,10.0025,1.00010856
KO,3,9,gmcsf,6.455,0.809896247
KO,3,12,gmcsf,6.455,0.809896247
WT,3,9,gmcsf,6.455,0.809896247
WT,3,12,gmcsf,6.455,0.809896247
KO,3,3,ifnb,134.265,2.127962816
WT,3,6,ifnb,112.565,2.051403376
WT,3,3,ifnb,109.71,2.040246215
KO,3,6,ifnb,72.745,1.861803148
KO,3,9,ifnb,4.75,0.67669361
KO,3,12,ifnb,4.75,0.67669361
WT,3,9,ifnb,4.75,0.67669361
WT,3,12,ifnb,4.75,0.67669361
WT,3,12,ifng,NA,NA
WT,3,9,ifng,302.52,2.480754092
KO,3,6,ifng,189.34,2.277242373
KO,3,9,ifng,138.16,2.140382325
KO,3,3,ifng,93.8,1.972202838
WT,3,6,ifng,41.765,1.620812486
WT,3,3,ifng,31.08,1.49248101
KO,3,12,ifng,5.245,0.719745493
WT,3,12,il10,NA,NA
WT,3,9,il10,21.785,1.338157564
KO,3,9,il10,17.425,1.241172787
WT,3,6,il10,5.69,0.755112266
KO,3,3,il10,2.595,0.414137362
KO,3,6,il10,1.435,0.156851901
KO,3,12,il10,0.86,-0.065501549
WT,3,3,il10,0.86,-0.065501549
KO,3,6,il11,29.29,1.466719372
KO,3,9,il11,10.325,1.01389006
KO,3,3,il11,8.1375,0.910491002
KO,3,12,il11,4.565,0.659440782
WT,3,3,il11,4.565,0.659440782
WT,3,6,il11,4.565,0.659440782
WT,3,9,il11,4.565,0.659440782
WT,3,12,il11,4.565,0.659440782
WT,3,6,il12p40,1063.355,3.026678278
KO,3,6,il12p40,604.995,2.781751785
WT,3,12,il12p40,583.29,2.765884531
KO,3,3,il12p40,404.26,2.606660772
KO,3,12,il12p40,300.27,2.477511944
WT,3,3,il12p40,227.84,2.357629972
KO,3,9,il12p40,224.51,2.35123569
WT,3,9,il12p40,141.06,2.14940388
KO,3,3,il12p70,2.21,0.344392274
KO,3,6,il12p70,2.21,0.344392274
KO,3,9,il12p70,2.21,0.344392274
KO,3,12,il12p70,2.21,0.344392274
WT,3,3,il12p70,2.21,0.344392274
WT,3,6,il12p70,2.21,0.344392274
WT,3,9,il12p70,2.21,0.344392274
WT,3,12,il12p70,2.21,0.344392274
WT,3,12,il13,NA,NA
KO,3,3,il13,2.4725,0.3931363
WT,3,9,il13,2.0925,0.320665467
WT,3,6,il13,1.6575,0.219453537
KO,3,6,il13,0.765,-0.116338565
KO,3,9,il13,0.765,-0.116338565
KO,3,12,il13,0.765,-0.116338565
WT,3,3,il13,0.765,-0.116338565
WT,3,12,il17a,NA,NA
KO,3,3,il17a,3.5,0.544068044
KO,3,6,il17a,2.92,0.465382851
WT,3,6,il17a,2.35,0.371067862
WT,3,9,il17a,2.295,0.36078269
WT,3,3,il17a,1.375,0.138302698
KO,3,9,il17a,1.12,0.049218023
KO,3,12,il17a,0.38,-0.420216403
WT,3,12,il17f,NA,NA
WT,3,9,il17f,1.6575,0.219453537
WT,3,6,il17f,1.0025,0.001084381
KO,3,3,il17f,0.445,-0.351639989
KO,3,6,il17f,0.445,-0.351639989
KO,3,9,il17f,0.445,-0.351639989
KO,3,12,il17f,0.445,-0.351639989
WT,3,3,il17f,0.445,-0.351639989
WT,3,3,il1a,48.435,1.685159304
KO,3,3,il1a,43.915,1.642612887
WT,3,6,il1a,29.93,1.476106717
KO,3,6,il1a,25.895,1.413215915
KO,3,9,il1a,10.885,1.036828433
WT,3,9,il1a,4.0925,0.611988688
KO,3,12,il1a,2.685,0.42894429
WT,3,12,il1a,2.685,0.42894429
KO,3,3,il1b,9.385,0.972434277
KO,3,6,il1b,9.385,0.972434277
KO,3,9,il1b,9.385,0.972434277
KO,3,12,il1b,9.385,0.972434277
WT,3,3,il1b,9.385,0.972434277
WT,3,6,il1b,9.385,0.972434277
WT,3,9,il1b,9.385,0.972434277
WT,3,12,il1b,9.385,0.972434277
WT,3,12,il2,NA,NA
WT,3,6,il2,0.725,-0.139661993
KO,3,6,il2,0.485,-0.314258261
KO,3,3,il2,0.31,-0.508638306
KO,3,9,il2,0.31,-0.508638306
KO,3,12,il2,0.31,-0.508638306
WT,3,3,il2,0.31,-0.508638306
WT,3,9,il2,0.31,-0.508638306
WT,3,12,il21,NA,NA
KO,3,3,il21,1.205,0.080987047
KO,3,6,il21,1.205,0.080987047
KO,3,9,il21,1.205,0.080987047
KO,3,12,il21,1.205,0.080987047
WT,3,3,il21,1.205,0.080987047
WT,3,6,il21,1.205,0.080987047
WT,3,9,il21,1.205,0.080987047
WT,3,12,il22,NA,NA
WT,3,9,il22,5.46,0.737192643
KO,3,3,il22,4.79,0.680335513
WT,3,6,il22,4.725,0.674401813
WT,3,3,il22,3.22,0.507855872
KO,3,9,il22,2.455,0.390051496
KO,3,6,il22,0.935,-0.029188389
KO,3,12,il22,0.57,-0.244125144
WT,3,3,il23,11.25,1.051152522
KO,3,3,il23,1.59,0.201397124
KO,3,6,il23,1.59,0.201397124
KO,3,9,il23,1.59,0.201397124
KO,3,12,il23,1.59,0.201397124
WT,3,6,il23,1.59,0.201397124
WT,3,9,il23,1.59,0.201397124
WT,3,12,il23,1.59,0.201397124
KO,3,9,il27,21.73,1.337059726
KO,3,6,il27,9.855,0.993656629
KO,3,3,il27,5.29,0.723455672
KO,3,12,il27,5.29,0.723455672
WT,3,3,il27,5.29,0.723455672
WT,3,6,il27,5.29,0.723455672
WT,3,9,il27,5.29,0.723455672
WT,3,12,il27,5.29,0.723455672
WT,3,12,il3,11.15,1.047274867
KO,3,3,il3,1.485,0.171726454
KO,3,6,il3,1.485,0.171726454
KO,3,9,il3,1.485,0.171726454
KO,3,12,il3,1.485,0.171726454
WT,3,3,il3,1.485,0.171726454
WT,3,6,il3,1.485,0.171726454
WT,3,9,il3,1.485,0.171726454
KO,3,6,il33,5.0825,0.706077387
KO,3,3,il33,3.1175,0.493806462
KO,3,9,il33,1.695,0.229169703
KO,3,12,il33,1.695,0.229169703
WT,3,3,il33,1.695,0.229169703
WT,3,6,il33,1.695,0.229169703
WT,3,9,il33,1.695,0.229169703
WT,3,12,il33,1.695,0.229169703
WT,3,12,il4,NA,NA
KO,3,3,il4,1.845,0.26599637
WT,3,9,il4,0.88,-0.055517328
WT,3,3,il4,0.875,-0.057991947
WT,3,6,il4,0.71,-0.148741651
KO,3,6,il4,0.34,-0.468521083
KO,3,9,il4,0.34,-0.468521083
KO,3,12,il4,0.34,-0.468521083
WT,3,12,il5,NA,NA
WT,3,6,il5,17.26,1.237040791
KO,3,3,il5,8.955,0.95206559
KO,3,6,il5,8.78,0.943494516
KO,3,9,il5,3.385,0.529558673
WT,3,3,il5,3.335,0.523095838
KO,3,12,il5,0.97,-0.013228266
WT,3,9,il5,0.97,-0.013228266
WT,3,12,il6,NA,NA
WT,3,6,il6,780.5,2.892372907
KO,3,6,il6,648.245,2.811739176
KO,3,3,il6,550.72,2.740930849
WT,3,3,il6,281.735,2.449840803
KO,3,9,il6,54.835,1.739057848
WT,3,9,il6,46.28,1.66539335
KO,3,12,il6,33.58,1.526080692
WT,3,3,il7,4.52,0.655138435
KO,3,6,il7,3.63,0.559906625
KO,3,3,il7,2.1575,0.333950804
KO,3,9,il7,1.205,0.080987047
KO,3,12,il7,1.205,0.080987047
WT,3,6,il7,1.205,0.080987047
WT,3,9,il7,1.205,0.080987047
WT,3,12,il7,1.205,0.080987047
WT,3,6,ip10,335.91,2.526222933
KO,3,6,ip10,304.02,2.482902155
KO,3,3,ip10,221.855,2.346069221
WT,3,9,ip10,218.405,2.339262577
WT,3,3,ip10,140.46,2.147552664
KO,3,9,ip10,91.42,1.961041217
KO,3,12,ip10,37.925,1.578925589
WT,3,12,ip10,18.255,1.261381837
WT,3,3,kc,78.01,1.892150278
WT,3,6,kc,53.97,1.732152418
KO,3,3,kc,41.385,1.61684296
KO,3,6,kc,37.615,1.575361066
KO,3,12,kc,21.49,1.332236415
WT,3,12,kc,16.18,1.208978517
KO,3,9,kc,7.925,0.898999271
WT,3,9,kc,5.36,0.72916479
WT,3,6,lix,311.175,2.493004698
KO,3,6,lix,239.33,2.378997141
WT,3,9,lix,233.68,2.368621544
KO,3,9,lix,140.945,2.149049674
KO,3,12,lix,127.985,2.107159073
WT,3,12,lix,70.99,1.851197176
WT,3,3,lix,19.925,1.29939833
KO,3,3,lix,17.495,1.242913947
WT,3,6,mcp1,308.68,2.489508492
KO,3,6,mcp1,220.81,2.344018738
WT,3,9,mcp1,140.665,2.148186051
KO,3,12,mcp1,139.68,2.145134226
KO,3,9,mcp1,84.665,1.927703913
WT,3,3,mcp1,60.825,1.784082118
WT,3,12,mcp1,56.43,1.75151005
KO,3,3,mcp1,53.86,1.731266349
WT,3,6,mdc,54.125,1.733397909
KO,3,3,mdc,37.685,1.57616852
KO,3,12,mdc,25.675,1.409510452
WT,3,3,mdc,24.615,1.39119984
WT,3,12,mdc,20.61,1.314077992
KO,3,6,mdc,15.665,1.194930399
KO,3,9,mdc,14.745,1.168644777
WT,3,9,mdc,9.825,0.992332559
WT,3,9,mig,120.115,2.079597246
KO,3,9,mig,67.495,1.829271602
WT,3,6,mig,49.42,1.693902741
KO,3,3,mig,42.3,1.626340367
KO,3,6,mig,31.41,1.497067936
KO,3,12,mig,26.93,1.430236353
WT,3,12,mig,17.325,1.238673243
WT,3,3,mig,14.2,1.152288344
WT,3,6,mip1a,21.47,1.331832044
KO,3,6,mip1a,19.88,1.29841638
WT,3,9,mip1a,14.29,1.155032229
KO,3,3,mip1a,13.055,1.115776876
KO,3,9,mip1a,12.905,1.110758009
WT,3,3,mip1a,9.32,0.969415912
KO,3,12,mip1a,8.225,0.915135907
WT,3,12,mip1a,3.42,0.534026106
WT,3,6,mip1b,227.595,2.357162717
KO,3,6,mip1b,188.56,2.27544957
WT,3,9,mip1b,178.115,2.250700495
KO,3,9,mip1b,115.945,2.064252025
KO,3,12,mip1b,90.61,1.95717613
KO,3,3,mip1b,63.015,1.799443941
WT,3,12,mip1b,38.64,1.587037118
WT,3,3,mip1b,27.33,1.436639632
KO,3,6,mip3a,120.515,2.081041105
WT,3,6,mip3a,104.895,2.020754787
WT,3,3,mip3a,47.14,1.673389578
KO,3,3,mip3a,37.515,1.574204951
WT,3,12,mip3a,36.63,1.563836919
KO,3,12,mip3a,34.255,1.534723972
KO,3,9,mip3a,23.065,1.362953459
WT,3,9,mip3a,13.54,1.131618664
KO,3,6,rantes,69.465,1.84176604
WT,3,6,rantes,60.24,1.779884963
KO,3,3,rantes,49.21,1.692053365
WT,3,3,rantes,44.945,1.652681385
KO,3,9,rantes,30.12,1.478854968
KO,3,12,rantes,24.19,1.383635868
WT,3,9,rantes,20.09,1.302979937
WT,3,12,rantes,14.78,1.169674434
WT,3,6,tarc,74.015,1.869319743
KO,3,6,tarc,28.86,1.460296327
KO,3,3,tarc,26.9,1.42975228
WT,3,3,tarc,25.335,1.403720909
KO,3,12,tarc,22.555,1.353242831
WT,3,12,tarc,22.235,1.347037134
WT,3,9,tarc,13.87,1.142076461
KO,3,9,tarc,10.22,1.009450896
WT,3,12,tnfa,NA,NA
WT,3,6,tnfa,42.165,1.624952105
KO,3,9,tnfa,26.37,1.42111013
KO,3,6,tnfa,25.655,1.409172019
WT,3,9,tnfa,23.34,1.368100852
KO,3,3,tnfa,18.94,1.277379975
WT,3,3,tnfa,14.555,1.16301221
KO,3,12,tnfa,8.42,0.925312091
KO,3,12,tslp,147.205,2.167922562
KO,3,3,tslp,7.55,0.877946952
KO,3,6,tslp,7.55,0.877946952
KO,3,9,tslp,7.55,0.877946952
WT,3,3,tslp,7.55,0.877946952
WT,3,6,tslp,7.55,0.877946952
WT,3,9,tslp,7.55,0.877946952
WT,3,12,tslp,7.55,0.877946952
KO,4,9,il9,NA,NA
WT,4,3,il9,NA,NA
WT,4,6,il9,NA,NA
WT,4,9,il9,NA,NA
KO,4,3,il9,212.895,2.328165462
KO,4,6,il9,167.45,2.223885152
WT,4,12,il9,85.82,1.93358851
KO,4,12,il9,73.19,1.864451747
KO,4,9,blc,1083.65,3.034889035
WT,4,9,blc,808.045,2.907435547
WT,4,6,blc,771.065,2.88709099
KO,4,12,blc,443.67,2.647060064
KO,4,6,blc,100.34,2.001474097
WT,4,12,blc,95.24,1.978819387
KO,4,3,blc,32.43,1.510946949
WT,4,3,blc,10.97,1.040206628
WT,4,6,eotaxin,77.515,1.889385751
WT,4,9,eotaxin,58.16,1.764624398
KO,4,9,eotaxin,55.23,1.742175043
KO,4,12,eotaxin,31.195,1.49408499
KO,4,3,eotaxin,23.34,1.368100852
KO,4,6,eotaxin,15.2,1.181843588
WT,4,12,eotaxin,14.335,1.156397697
WT,4,3,eotaxin,13.665,1.135609636
WT,4,3,gmcsf,19.32,1.286007122
KO,4,3,gmcsf,17.72,1.248463718
WT,4,6,gmcsf,10.0025,1.00010856
KO,4,6,gmcsf,6.455,0.809896247
KO,4,9,gmcsf,6.455,0.809896247
KO,4,12,gmcsf,6.455,0.809896247
WT,4,9,gmcsf,6.455,0.809896247
WT,4,12,gmcsf,6.455,0.809896247
KO,4,3,ifnb,143.28,2.156185573
WT,4,6,ifnb,127.78,2.106462884
WT,4,3,ifnb,42.1,1.624282096
KO,4,12,ifnb,35.31,1.547897718
KO,4,6,ifnb,24.98,1.397592434
KO,4,9,ifnb,4.75,0.67669361
WT,4,9,ifnb,4.75,0.67669361
WT,4,12,ifnb,4.75,0.67669361
WT,4,9,ifng,NA,NA
KO,4,6,ifng,1157.645,3.0635754
WT,4,6,ifng,289.37,2.461453504
KO,4,3,ifng,209.925,2.322064162
KO,4,9,ifng,153.13,2.185060283
WT,4,3,ifng,34.095,1.532690695
KO,4,12,ifng,10.255,1.010935665
WT,4,12,ifng,2.79,0.445604203
WT,4,9,il10,NA,NA
KO,4,9,il10,19,1.278753601
KO,4,12,il10,8.925,0.950608225
KO,4,6,il10,7.41,0.869818208
WT,4,6,il10,6.785,0.831549852
KO,4,3,il10,0.86,-0.065501549
WT,4,3,il10,0.86,-0.065501549
WT,4,12,il10,0.86,-0.065501549
KO,4,6,il11,10.22,1.009450896
KO,4,3,il11,4.565,0.659440782
KO,4,9,il11,4.565,0.659440782
KO,4,12,il11,4.565,0.659440782
WT,4,3,il11,4.565,0.659440782
WT,4,6,il11,4.565,0.659440782
WT,4,9,il11,4.565,0.659440782
WT,4,12,il11,4.565,0.659440782
WT,4,6,il12p40,1061.39,3.025874992
KO,4,6,il12p40,820.13,2.913882698
KO,4,3,il12p40,543.6,2.735279448
KO,4,12,il12p40,393.175,2.594585895
WT,4,12,il12p40,281.86,2.450033448
WT,4,9,il12p40,241.315,2.382584318
KO,4,9,il12p40,163.41,2.21327863
WT,4,3,il12p40,140.105,2.146453634
KO,4,3,il12p70,2.21,0.344392274
KO,4,6,il12p70,2.21,0.344392274
KO,4,9,il12p70,2.21,0.344392274
KO,4,12,il12p70,2.21,0.344392274
WT,4,3,il12p70,2.21,0.344392274
WT,4,6,il12p70,2.21,0.344392274
WT,4,9,il12p70,2.21,0.344392274
WT,4,12,il12p70,2.21,0.344392274
WT,4,9,il13,NA,NA
KO,4,9,il13,3.73,0.571708832
KO,4,6,il13,2.09,0.320146286
KO,4,12,il13,2.0575,0.313339844
WT,4,6,il13,1.6225,0.210184705
KO,4,3,il13,1.1975,0.078275522
WT,4,3,il13,0.765,-0.116338565
WT,4,12,il13,0.765,-0.116338565
WT,4,9,il17a,NA,NA
KO,4,6,il17a,2.85,0.45484486
KO,4,3,il17a,1.935,0.286680969
WT,4,3,il17a,1.85,0.267171728
KO,4,12,il17a,1.785,0.25163822
WT,4,6,il17a,1.545,0.188928484
KO,4,9,il17a,0.585,-0.232844134
WT,4,12,il17a,0.38,-0.420216403
WT,4,9,il17f,NA,NA
KO,4,12,il17f,1.8325,0.263043983
WT,4,6,il17f,0.7475,-0.126388803
KO,4,3,il17f,0.445,-0.351639989
KO,4,6,il17f,0.445,-0.351639989
KO,4,9,il17f,0.445,-0.351639989
WT,4,3,il17f,0.445,-0.351639989
WT,4,12,il17f,0.445,-0.351639989
KO,4,3,il1a,51.995,1.715961583
WT,4,3,il1a,30.745,1.487774497
WT,4,6,il1a,28.96,1.461798558
KO,4,6,il1a,16.715,1.223106381
WT,4,9,il1a,12.22,1.087071206
KO,4,9,il1a,7.7,0.886490725
KO,4,12,il1a,2.685,0.42894429
WT,4,12,il1a,2.685,0.42894429
KO,4,3,il1b,9.385,0.972434277
KO,4,6,il1b,9.385,0.972434277
KO,4,9,il1b,9.385,0.972434277
KO,4,12,il1b,9.385,0.972434277
WT,4,3,il1b,9.385,0.972434277
WT,4,6,il1b,9.385,0.972434277
WT,4,9,il1b,9.385,0.972434277
WT,4,12,il1b,9.385,0.972434277
WT,4,9,il2,NA,NA
KO,4,6,il2,0.915,-0.038578906
WT,4,6,il2,0.47,-0.327902142
KO,4,3,il2,0.31,-0.508638306
KO,4,9,il2,0.31,-0.508638306
KO,4,12,il2,0.31,-0.508638306
WT,4,3,il2,0.31,-0.508638306
WT,4,12,il2,0.31,-0.508638306
WT,4,9,il21,NA,NA
KO,4,12,il21,2.3725,0.375206221
KO,4,3,il21,1.205,0.080987047
KO,4,6,il21,1.205,0.080987047
KO,4,9,il21,1.205,0.080987047
WT,4,3,il21,1.205,0.080987047
WT,4,6,il21,1.205,0.080987047
WT,4,12,il21,1.205,0.080987047
WT,4,9,il22,NA,NA
KO,4,12,il22,6.6,0.819543936
KO,4,3,il22,5.105,0.707995746
KO,4,6,il22,4.77,0.678518379
WT,4,6,il22,3.53,0.547774705
WT,4,3,il22,2.615,0.417471693
WT,4,12,il22,1.81,0.257678575
KO,4,9,il22,1.165,0.066325925
WT,4,3,il23,12.545,1.098470666
KO,4,3,il23,4.365,0.639984248
KO,4,6,il23,2.61,0.416640507
KO,4,9,il23,1.59,0.201397124
KO,4,12,il23,1.59,0.201397124
WT,4,6,il23,1.59,0.201397124
WT,4,9,il23,1.59,0.201397124
WT,4,12,il23,1.59,0.201397124
KO,4,6,il27,20.835,1.318793505
KO,4,3,il27,5.29,0.723455672
KO,4,9,il27,5.29,0.723455672
KO,4,12,il27,5.29,0.723455672
WT,4,3,il27,5.29,0.723455672
WT,4,6,il27,5.29,0.723455672
WT,4,9,il27,5.29,0.723455672
WT,4,12,il27,5.29,0.723455672
KO,4,3,il3,1.485,0.171726454
KO,4,6,il3,1.485,0.171726454
KO,4,9,il3,1.485,0.171726454
KO,4,12,il3,1.485,0.171726454
WT,4,3,il3,1.485,0.171726454
WT,4,6,il3,1.485,0.171726454
WT,4,9,il3,1.485,0.171726454
WT,4,12,il3,1.485,0.171726454
KO,4,6,il33,5.065,0.70457945
WT,4,6,il33,3.2675,0.514215596
KO,4,3,il33,2.8325,0.452169919
WT,4,3,il33,2.5575,0.407815642
KO,4,9,il33,1.695,0.229169703
KO,4,12,il33,1.695,0.229169703
WT,4,9,il33,1.695,0.229169703
WT,4,12,il33,1.695,0.229169703
WT,4,9,il4,NA,NA
KO,4,6,il4,8.695,0.939269586
WT,4,6,il4,3.955,0.597146488
KO,4,3,il4,3.255,0.512550993
KO,4,12,il4,0.69,-0.161150909
KO,4,9,il4,0.635,-0.197226275
WT,4,3,il4,0.34,-0.468521083
WT,4,12,il4,0.34,-0.468521083
WT,4,9,il5,NA,NA
KO,4,3,il5,30.46,1.483729899
KO,4,6,il5,28.335,1.452323217
WT,4,6,il5,21.06,1.323458367
KO,4,9,il5,4.44,0.64738297
KO,4,12,il5,1.81,0.257678575
WT,4,3,il5,0.97,-0.013228266
WT,4,12,il5,0.97,-0.013228266
WT,4,9,il6,NA,NA
KO,4,6,il6,884.07,2.946486653
KO,4,3,il6,681.21,2.833281015
WT,4,6,il6,488.425,2.688797885
WT,4,3,il6,177.705,2.249699648
KO,4,12,il6,65.485,1.816141832
KO,4,9,il6,28.515,1.455073376
WT,4,12,il6,10.47,1.019946682
KO,4,3,il7,9.5,0.977723605
WT,4,6,il7,7.59,0.880241776
KO,4,6,il7,1.205,0.080987047
KO,4,9,il7,1.205,0.080987047
KO,4,12,il7,1.205,0.080987047
WT,4,3,il7,1.205,0.080987047
WT,4,9,il7,1.205,0.080987047
WT,4,12,il7,1.205,0.080987047
WT,4,6,ip10,360.785,2.557248473
KO,4,6,ip10,283.345,2.452315553
KO,4,3,ip10,175.615,2.244561608
WT,4,9,ip10,170.395,2.231456847
KO,4,9,ip10,103.045,2.013026924
WT,4,3,ip10,98.235,1.992266249
KO,4,12,ip10,44.43,1.647676313
WT,4,12,ip10,4.32,0.635483747
KO,4,6,kc,78.3,1.893761762
WT,4,6,kc,57.325,1.758344063
KO,4,3,kc,40.31,1.605412798
KO,4,12,kc,18.705,1.271957713
WT,4,3,kc,15.675,1.19520755
WT,4,9,kc,7.595,0.880527778
WT,4,12,kc,5.905,0.771219902
KO,4,9,kc,5.84,0.766412847
KO,4,9,lix,229.71,2.361179902
WT,4,6,lix,204.625,2.310958692
WT,4,9,lix,183.785,2.264310063
KO,4,12,lix,118.475,2.073626717
KO,4,6,lix,71.425,1.853850249
WT,4,12,lix,36.79,1.565729788
KO,4,3,lix,31.585,1.499480881
WT,4,3,lix,14.49,1.161068385
WT,4,6,mcp1,225.315,2.352790105
KO,4,9,mcp1,157.595,2.197542435
KO,4,12,mcp1,136.085,2.133810258
WT,4,9,mcp1,133.25,2.124667218
KO,4,6,mcp1,91.945,1.963528117
KO,4,3,mcp1,73.3,1.865103975
WT,4,3,mcp1,19.04,1.279666944
WT,4,12,mcp1,18.465,1.266349312
WT,4,6,mdc,43.805,1.641523685
KO,4,3,mdc,41.475,1.617786395
KO,4,6,mdc,40.88,1.611510887
KO,4,12,mdc,27.415,1.43798825
WT,4,3,mdc,19.98,1.300595484
WT,4,12,mdc,18.995,1.278639298
WT,4,9,mdc,15.12,1.179551791
KO,4,9,mdc,13.895,1.142858551
WT,4,9,mig,104.13,2.017575868
KO,4,6,mig,73.98,1.869114327
KO,4,9,mig,72.21,1.858597345
WT,4,6,mig,45.345,1.656529406
KO,4,3,mig,40.335,1.605682061
WT,4,3,mig,38.67,1.587374172
KO,4,12,mig,29.31,1.467015818
WT,4,12,mig,7.5,0.875061263
WT,4,6,mip1a,21.79,1.33825723
KO,4,9,mip1a,17.655,1.246867722
WT,4,9,mip1a,15.95,1.202760687
KO,4,6,mip1a,15.375,1.186815124
WT,4,3,mip1a,11.945,1.077186154
KO,4,3,mip1a,11.24,1.050766311
KO,4,12,mip1a,7.685,0.885643872
WT,4,12,mip1a,1.9625,0.292809665
WT,4,6,mip1b,173.06,2.238196699
KO,4,9,mip1b,164.53,2.216245098
WT,4,9,mip1b,145.44,2.162683866
KO,4,6,mip1b,88.075,1.944852652
KO,4,12,mip1b,86.67,1.937868797
KO,4,3,mip1b,52.11,1.716921073
WT,4,3,mip1b,37.55,1.574609941
WT,4,12,mip1b,20.75,1.317018101
WT,4,6,mip3a,88.68,1.947825684
KO,4,3,mip3a,61.28,1.787318757
KO,4,12,mip3a,31.665,1.500579492
KO,4,9,mip3a,30.16,1.479431337
KO,4,6,mip3a,28.11,1.448860846
WT,4,12,mip3a,26.15,1.417471693
WT,4,3,mip3a,15.7,1.195899652
WT,4,9,mip3a,14.01,1.146438135
KO,4,3,rantes,62.775,1.797786721
WT,4,6,rantes,57.55,1.760045328
KO,4,12,rantes,57.05,1.756255649
KO,4,6,rantes,50.05,1.699404082
KO,4,9,rantes,33.945,1.530775813
WT,4,3,rantes,26.18,1.417969642
WT,4,9,rantes,22.12,1.344785123
WT,4,12,rantes,12.235,1.087603974
WT,4,6,tarc,99.41,1.997430074
KO,4,12,tarc,36.405,1.561161035
KO,4,6,tarc,31.015,1.491571786
WT,4,12,tarc,23.525,1.371529632
KO,4,3,tarc,22.25,1.347330015
WT,4,3,tarc,21.605,1.334554271
KO,4,9,tarc,15.44,1.188647296
WT,4,9,tarc,14.845,1.171580202
WT,4,9,tnfa,NA,NA
WT,4,6,tnfa,49.975,1.698752803
KO,4,3,tnfa,28.115,1.448938088
KO,4,9,tnfa,21.965,1.341731208
KO,4,6,tnfa,18.965,1.277952847
KO,4,12,tnfa,15.57,1.192288613
WT,4,3,tnfa,6.98,0.843855423
WT,4,12,tnfa,3.26,0.5132176
KO,4,3,tslp,7.55,0.877946952
KO,4,6,tslp,7.55,0.877946952
KO,4,9,tslp,7.55,0.877946952
KO,4,12,tslp,7.55,0.877946952
WT,4,3,tslp,7.55,0.877946952
WT,4,6,tslp,7.55,0.877946952
WT,4,9,tslp,7.55,0.877946952
WT,4,12,tslp,7.55,0.877946952
KO,5,3,il9,NA,NA
KO,5,9,il9,NA,NA
WT,5,6,il9,NA,NA
WT,5,9,il9,NA,NA
WT,5,3,il9,181.135,2.258002375
WT,5,12,il9,32.505,1.51195017
KO,5,6,il9,31.625,1.500030534
KO,5,12,il9,31.35,1.496237545
KO,5,9,blc,1499.515,3.175950814
WT,5,6,blc,1405.755,3.147909637
WT,5,9,blc,630.965,2.800005269
KO,5,6,blc,209.12,2.32039557
KO,5,12,blc,108.13,2.033946203
WT,5,12,blc,84.405,1.926368174
KO,5,3,blc,36.55,1.562887381
WT,5,3,blc,35.785,1.553701022
WT,5,6,eotaxin,73.29,1.865044722
KO,5,9,eotaxin,62.78,1.797821311
WT,5,9,eotaxin,44.45,1.647871765
KO,5,3,eotaxin,16.26,1.211120541
WT,5,12,eotaxin,13.09,1.116939647
WT,5,3,eotaxin,12.225,1.087248868
KO,5,6,eotaxin,11.275,1.052116551
KO,5,12,eotaxin,8.885,0.948657432
KO,5,3,gmcsf,23.63,1.373463722
WT,5,3,gmcsf,22.26,1.34752516
KO,5,6,gmcsf,18.64,1.270445908
KO,5,12,gmcsf,12.3175,1.090522571
KO,5,9,gmcsf,11.1625,1.047761472
WT,5,12,gmcsf,10.0025,1.00010856
WT,5,6,gmcsf,6.455,0.809896247
WT,5,9,gmcsf,6.455,0.809896247
KO,5,3,ifnb,189.95,2.278639298
WT,5,3,ifnb,114.75,2.059752694
WT,5,6,ifnb,82.745,1.91774176
KO,5,6,ifnb,70.155,1.846058629
KO,5,12,ifnb,13.895,1.142858551
KO,5,9,ifnb,4.75,0.67669361
WT,5,9,ifnb,4.75,0.67669361
WT,5,12,ifnb,4.75,0.67669361
WT,5,6,ifng,511.64,2.70896449
KO,5,3,ifng,219.855,2.342136347
KO,5,9,ifng,136.185,2.134129275
WT,5,3,ifng,93.92,1.972758084
WT,5,9,ifng,90.86,1.958372732
KO,5,6,ifng,36.28,1.559667278
WT,5,12,ifng,2.57,0.409933123
KO,5,12,ifng,2.455,0.390051496
WT,5,9,il10,30.905,1.490028748
KO,5,9,il10,12.11,1.083144143
WT,5,6,il10,8.31,0.919601024
KO,5,3,il10,4.29,0.632457292
KO,5,6,il10,0.86,-0.065501549
KO,5,12,il10,0.86,-0.065501549
WT,5,3,il10,0.86,-0.065501549
WT,5,12,il10,0.86,-0.065501549
KO,5,12,il11,8.9775,0.953155414
KO,5,9,il11,7.2175,0.858386793
WT,5,3,il11,6.9925,0.844632475
KO,5,3,il11,4.565,0.659440782
KO,5,6,il11,4.565,0.659440782
WT,5,6,il11,4.565,0.659440782
WT,5,9,il11,4.565,0.659440782
WT,5,12,il11,4.565,0.659440782
WT,5,6,il12p40,955.075,2.980037477
KO,5,6,il12p40,698.34,2.844066919
KO,5,12,il12p40,537.68,2.730523882
KO,5,3,il12p40,517.895,2.714241718
WT,5,3,il12p40,469.28,2.671432046
WT,5,12,il12p40,342.155,2.534222891
KO,5,9,il12p40,227.26,2.356523002
WT,5,9,il12p40,111.05,2.045518563
KO,5,3,il12p70,2.21,0.344392274
KO,5,6,il12p70,2.21,0.344392274
KO,5,9,il12p70,2.21,0.344392274
KO,5,12,il12p70,2.21,0.344392274
WT,5,3,il12p70,2.21,0.344392274
WT,5,6,il12p70,2.21,0.344392274
WT,5,9,il12p70,2.21,0.344392274
WT,5,12,il12p70,2.21,0.344392274
WT,5,9,il13,2.67,0.426511261
KO,5,3,il13,2.0575,0.313339844
WT,5,6,il13,1.6975,0.229809783
KO,5,12,il13,1.2375,0.092545208
KO,5,6,il13,0.765,-0.116338565
KO,5,9,il13,0.765,-0.116338565
WT,5,3,il13,0.765,-0.116338565
WT,5,12,il13,0.765,-0.116338565
KO,5,6,il17a,7.56,0.878521796
KO,5,3,il17a,2.27,0.356025857
WT,5,9,il17a,2.225,0.347330015
WT,5,3,il17a,2.06,0.31386722
WT,5,6,il17a,1.89,0.276461804
KO,5,12,il17a,1,0
KO,5,9,il17a,0.825,-0.083546051
WT,5,12,il17a,0.71,-0.148741651
WT,5,9,il17f,1.9275,0.284994387
KO,5,6,il17f,1.305,0.115610512
KO,5,12,il17f,0.6775,-0.1690907
KO,5,3,il17f,0.445,-0.351639989
KO,5,9,il17f,0.445,-0.351639989
WT,5,3,il17f,0.445,-0.351639989
WT,5,6,il17f,0.445,-0.351639989
WT,5,12,il17f,0.445,-0.351639989
KO,5,3,il1a,48.01,1.681331706
WT,5,3,il1a,29.11,1.464042205
WT,5,6,il1a,24.77,1.393926007
KO,5,6,il1a,21.39,1.330210785
KO,5,9,il1a,7.985,0.90227492
KO,5,12,il1a,2.685,0.42894429
WT,5,9,il1a,2.685,0.42894429
WT,5,12,il1a,2.685,0.42894429
KO,5,3,il1b,9.385,0.972434277
KO,5,6,il1b,9.385,0.972434277
KO,5,9,il1b,9.385,0.972434277
KO,5,12,il1b,9.385,0.972434277
WT,5,3,il1b,9.385,0.972434277
WT,5,6,il1b,9.385,0.972434277
WT,5,9,il1b,9.385,0.972434277
WT,5,12,il1b,9.385,0.972434277
KO,5,6,il2,0.945,-0.024568191
WT,5,9,il2,0.805,-0.09420412
KO,5,3,il2,0.56,-0.251811973
KO,5,9,il2,0.31,-0.508638306
KO,5,12,il2,0.31,-0.508638306
WT,5,3,il2,0.31,-0.508638306
WT,5,6,il2,0.31,-0.508638306
WT,5,12,il2,0.31,-0.508638306
WT,5,9,il21,2.4975,0.397505497
KO,5,3,il21,1.205,0.080987047
KO,5,6,il21,1.205,0.080987047
KO,5,9,il21,1.205,0.080987047
KO,5,12,il21,1.205,0.080987047
WT,5,3,il21,1.205,0.080987047
WT,5,6,il21,1.205,0.080987047
WT,5,12,il21,1.205,0.080987047
WT,5,9,il22,9.875,0.994537104
KO,5,3,il22,6.015,0.779235632
WT,5,3,il22,3.27,0.514547753
KO,5,6,il22,2.575,0.410777233
WT,5,12,il22,2.23,0.348304863
WT,5,6,il22,2.01,0.303196057
KO,5,12,il22,1.73,0.238046103
KO,5,9,il22,0.935,-0.029188389
WT,5,3,il23,6.375,0.804480189
KO,5,3,il23,4.445,0.647871765
KO,5,12,il23,3.62,0.558708571
KO,5,6,il23,1.59,0.201397124
KO,5,9,il23,1.59,0.201397124
WT,5,6,il23,1.59,0.201397124
WT,5,9,il23,1.59,0.201397124
WT,5,12,il23,1.59,0.201397124
WT,5,9,il27,195.555,2.291268925
WT,5,12,il27,23.93,1.378942699
KO,5,3,il27,13.605,1.133698546
WT,5,3,il27,9.04,0.95616843
KO,5,12,il27,8.24,0.915927212
KO,5,6,il27,5.29,0.723455672
KO,5,9,il27,5.29,0.723455672
WT,5,6,il27,5.29,0.723455672
KO,5,3,il3,1.485,0.171726454
KO,5,6,il3,1.485,0.171726454
KO,5,9,il3,1.485,0.171726454
KO,5,12,il3,1.485,0.171726454
WT,5,3,il3,1.485,0.171726454
WT,5,6,il3,1.485,0.171726454
WT,5,9,il3,1.485,0.171726454
WT,5,12,il3,1.485,0.171726454
WT,5,3,il33,4.2175,0.625055091
WT,5,12,il33,3.0425,0.483230587
WT,5,6,il33,2.9725,0.473121863
KO,5,3,il33,1.695,0.229169703
KO,5,6,il33,1.695,0.229169703
KO,5,9,il33,1.695,0.229169703
KO,5,12,il33,1.695,0.229169703
WT,5,9,il33,1.695,0.229169703
KO,5,6,il4,3.59,0.555094449
KO,5,3,il4,1.735,0.239299479
WT,5,6,il4,1.525,0.183269844
WT,5,9,il4,0.69,-0.161150909
WT,5,3,il4,0.655,-0.1837587
KO,5,12,il4,0.6,-0.22184875
KO,5,9,il4,0.34,-0.468521083
WT,5,12,il4,0.34,-0.468521083
WT,5,6,il5,19.895,1.298743943
KO,5,6,il5,14.99,1.175801633
KO,5,3,il5,11.29,1.052693942
WT,5,3,il5,7.25,0.860338007
KO,5,9,il5,2.96,0.471291711
WT,5,12,il5,2.82,0.450249108
KO,5,12,il5,0.97,-0.013228266
WT,5,9,il5,0.97,-0.013228266
WT,5,6,il6,620.525,2.792759283
KO,5,6,il6,419.775,2.62301657
KO,5,3,il6,402.78,2.605067898
WT,5,3,il6,262.215,2.418657532
KO,5,9,il6,50.86,1.706376356
WT,5,9,il6,32.47,1.511482289
WT,5,12,il6,17.79,1.250175948
KO,5,12,il6,8.83,0.945960704
WT,5,3,il7,3.895,0.590507462
KO,5,3,il7,1.205,0.080987047
KO,5,6,il7,1.205,0.080987047
KO,5,9,il7,1.205,0.080987047
KO,5,12,il7,1.205,0.080987047
WT,5,6,il7,1.205,0.080987047
WT,5,9,il7,1.205,0.080987047
WT,5,12,il7,1.205,0.080987047
WT,5,6,ip10,351.725,2.546203238
KO,5,3,ip10,198.775,2.298361762
KO,5,9,ip10,151.145,2.179393785
KO,5,6,ip10,138.175,2.140429473
WT,5,3,ip10,126.445,2.101901661
WT,5,9,ip10,123.155,2.090452049
WT,5,12,ip10,3.765,0.575764981
KO,5,12,ip10,3.05,0.484299839
WT,5,6,kc,44.83,1.651568739
KO,5,6,kc,43.04,1.633872263
KO,5,3,kc,38.39,1.584218112
WT,5,12,kc,11.975,1.078275522
KO,5,12,kc,10.57,1.024074987
WT,5,3,kc,7.39,0.868644438
KO,5,9,kc,6.24,0.79518459
WT,5,9,kc,3.54,0.549003262
WT,5,6,lix,260.555,2.415899412
KO,5,9,lix,250.305,2.398469525
WT,5,9,lix,161.94,2.209354135
KO,5,6,lix,85.52,1.932067692
KO,5,12,lix,72.73,1.861713588
WT,5,12,lix,36.745,1.565198252
KO,5,3,lix,32.43,1.510946949
WT,5,3,lix,30.67,1.486713776
WT,5,6,mcp1,180.285,2.255959594
KO,5,6,mcp1,129.975,2.113859826
KO,5,9,mcp1,123.465,2.091543861
KO,5,3,mcp1,67.55,1.829625353
WT,5,9,mcp1,65.33,1.815112658
WT,5,3,mcp1,39.705,1.5988452
WT,5,12,mcp1,15.3,1.184691431
KO,5,12,mcp1,10.54,1.022840611
KO,5,6,mdc,37.4,1.572871602
KO,5,3,mdc,32.84,1.516403148
WT,5,6,mdc,31.25,1.494850022
WT,5,3,mdc,23.35,1.368286885
WT,5,12,mdc,18.395,1.264699792
KO,5,12,mdc,18.08,1.257198426
KO,5,9,mdc,14.43,1.159266331
WT,5,9,mdc,7.955,0.900640184
KO,5,9,mig,91.745,1.962582405
WT,5,6,mig,71.75,1.855821905
WT,5,9,mig,67.56,1.829689641
KO,5,3,mig,44.05,1.643945913
WT,5,3,mig,25.71,1.410102077
KO,5,6,mig,24.735,1.393311915
WT,5,12,mig,19.93,1.299507299
KO,5,12,mig,10.415,1.017659274
WT,5,6,mip1a,26.87,1.429267666
KO,5,9,mip1a,19.33,1.286231854
KO,5,6,mip1a,16.63,1.220892249
KO,5,3,mip1a,12,1.079181246
WT,5,9,mip1a,11.67,1.067070856
WT,5,3,mip1a,6.595,0.8192148
KO,5,12,mip1a,3.095,0.490660653
WT,5,12,mip1a,2.275,0.356981401
WT,5,6,mip1b,222.035,2.346421439
KO,5,9,mip1b,190.4,2.279666944
WT,5,9,mip1b,121.63,2.085040707
KO,5,6,mip1b,88.995,1.949365607
KO,5,3,mip1b,58.27,1.765445018
WT,5,3,mip1b,32.02,1.505421328
KO,5,12,mip1b,24.255,1.384801279
WT,5,12,mip1b,13.29,1.123524981
WT,5,6,mip3a,71.485,1.854214922
KO,5,3,mip3a,63.83,1.805024844
KO,5,6,mip3a,47.47,1.676419232
KO,5,12,mip3a,43.515,1.638638988
WT,5,3,mip3a,42.8,1.631443769
WT,5,9,mip3a,38.82,1.589055531
WT,5,12,mip3a,27.18,1.434249452
KO,5,9,mip3a,24.425,1.387834572
WT,5,6,rantes,56.595,1.752778064
KO,5,6,rantes,48.965,1.689885759
KO,5,3,rantes,45.08,1.653983907
WT,5,3,rantes,40.915,1.611882556
KO,5,9,rantes,35.38,1.548757829
WT,5,9,rantes,20.12,1.303627976
KO,5,12,rantes,12.505,1.097083696
WT,5,12,rantes,8.075,0.907142531
KO,5,6,tarc,87.71,1.943049111
WT,5,12,tarc,44.9,1.652246341
WT,5,6,tarc,33.085,1.519631139
KO,5,12,tarc,23.52,1.371437317
KO,5,3,tarc,15.105,1.17912073
KO,5,9,tarc,13.965,1.14504094
WT,5,9,tarc,12.91,1.110926242
WT,5,3,tarc,10.22,1.009450896
WT,5,6,tnfa,31.93,1.504198919
WT,5,9,tnfa,25.465,1.405943681
KO,5,9,tnfa,25.355,1.404063615
KO,5,3,tnfa,24.435,1.388012343
KO,5,6,tnfa,18.395,1.264699792
WT,5,3,tnfa,17.45,1.241795431
KO,5,12,tnfa,3.445,0.537189226
WT,5,12,tnfa,2.865,0.457124626
WT,5,12,tslp,20.85,1.319106059
KO,5,12,tslp,11.45,1.058805487
KO,5,3,tslp,7.55,0.877946952
KO,5,6,tslp,7.55,0.877946952
KO,5,9,tslp,7.55,0.877946952
WT,5,3,tslp,7.55,0.877946952
WT,5,6,tslp,7.55,0.877946952
WT,5,9,tslp,7.55,0.877946952
